{"cameraMode":{"drawMode":0,"name":"Shaded","section":"Shading Mode"},"sceneLighting":false,"audioPlay":false,"sceneViewState":{"showFog":true,"showMaterialUpdate":false,"showSkybox":false,"showFlares":true,"showImageEffects":true,"showParticleSystems":true},"in2DMode":false,"pivot":{"x":0.016000032424926759,"y":0.7820000052452087,"z":4.143499374389648},"rotation":{"x":-0.2847069203853607,"y":-0.08269377052783966,"z":0.024672847241163255,"w":-0.9547376036643982},"size":24.136381149291993,"orthographic":false}