{"cameraMode":{"drawMode":0,"name":"Shaded","section":"Shading Mode"},"sceneLighting":false,"audioPlay":false,"sceneViewState":{"showFog":true,"showMaterialUpdate":false,"showSkybox":false,"showFlares":true,"showImageEffects":true,"showParticleSystems":true},"in2DMode":false,"pivot":{"x":0.016000032424926759,"y":0.7820000052452087,"z":4.15479850769043},"rotation":{"x":0.2742045819759369,"y":-0.018459143117070199,"z":0.005243456456810236,"w":0.9614967703819275},"size":24.099687576293947,"orthographic":false}