{"cameraMode":{"drawMode":0,"name":"Shaded","section":"Shading Mode"},"sceneLighting":false,"audioPlay":false,"sceneViewState":{"showFog":true,"showMaterialUpdate":true,"showSkybox":false,"showFlares":true,"showImageEffects":true,"showParticleSystems":true},"in2DMode":false,"pivot":{"x":0.0,"y":-0.9749999642372131,"z":-1.5950000286102296},"rotation":{"x":0.18427853286266328,"y":-0.025060292333364488,"z":0.004700029734522104,"w":0.9825444221496582},"size":6.422083377838135,"orthographic":false}