{"cameraMode":{"drawMode":0,"name":"Shaded","section":"Shading Mode"},"sceneLighting":true,"audioPlay":false,"sceneViewState":{"showFog":true,"showMaterialUpdate":true,"showSkybox":true,"showFlares":true,"showImageEffects":true,"showParticleSystems":true},"in2DMode":false,"pivot":{"x":-1.591808557510376,"y":1.3802409172058106,"z":9.128103256225586},"rotation":{"x":0.06106339022517204,"y":0.35572564601898196,"z":-0.02328961156308651,"w":0.9323154091835022},"size":4.728951930999756,"orthographic":false}